{
  "within_region_corr_same_month": -0.17244695028672705,
  "within_region_corr_lag3": -0.12270509391822215,
  "n_region_months": 420
}